POS,altaa
17,TRUE
68,FALSE
71,FALSE
74,FALSE
96,FALSE
118,FALSE
141,FALSE
152,FALSE
156,FALSE
174,FALSE
196,FALSE
223,FALSE
253,FALSE
257,FALSE
263,FALSE
264,FALSE
265,FALSE
266,FALSE
277,FALSE
283,FALSE
284,FALSE
296,FALSE
304,FALSE
306,FALSE
317,FALSE
337,FALSE
348,FALSE
352,FALSE
353,FALSE
373,FALSE
380,TRUE
391,FALSE
451,FALSE
455,FALSE
508,FALSE
515,TRUE
517,FALSE
547,FALSE
574,FALSE
589,FALSE
653,TRUE
655,FALSE
667,FALSE
679,FALSE
697,FALSE
700,FALSE
709,FALSE
714,TRUE
733,TRUE
742,FALSE
755,FALSE
763,FALSE
769,FALSE
773,TRUE
937,FALSE
946,FALSE
964,FALSE
997,FALSE
1039,FALSE
1090,FALSE
1097,FALSE
1100,FALSE
1103,FALSE
1112,FALSE
1113,FALSE
1115,FALSE
1129,FALSE
1130,FALSE
1154,FALSE
1176,FALSE
1186,FALSE
1187,FALSE
1190,FALSE
1202,FALSE
1205,FALSE
1221,FALSE
1259,FALSE
1298,FALSE
1334,FALSE
1355,FALSE
1373,FALSE
1399,TRUE
1400,FALSE
1410,FALSE
1415,FALSE
1418,FALSE
1424,FALSE
1460,FALSE
1462,TRUE
1463,FALSE
1578,FALSE
1583,FALSE
1586,FALSE
1598,FALSE
1604,FALSE
1607,FALSE
1613,FALSE
1622,FALSE
1670,FALSE
1679,FALSE
1697,FALSE
1719,TRUE
1740,TRUE
1754,FALSE
1763,FALSE
1775,FALSE
1793,FALSE
1796,FALSE
1832,FALSE
1844,FALSE
1885,TRUE
1889,FALSE
1892,FALSE
1897,TRUE
1901,FALSE
1907,FALSE
1937,FALSE
1940,FALSE
1946,FALSE
1950,TRUE
1955,FALSE
1970,FALSE
1976,FALSE
1982,FALSE
2010,TRUE
2012,FALSE
2021,FALSE
2042,FALSE
2045,FALSE
2050,TRUE
2060,TRUE
2084,FALSE
2090,FALSE
2105,FALSE
2117,FALSE
2123,FALSE
2132,FALSE
2143,FALSE
2151,FALSE
2178,FALSE
2189,FALSE
2209,FALSE
2240,TRUE
2260,FALSE
2263,FALSE
2266,FALSE
2293,FALSE
2296,FALSE
2299,FALSE
2317,FALSE
2320,FALSE
2343,TRUE
2374,FALSE
2377,FALSE
2378,TRUE
2386,TRUE
2389,FALSE
2416,FALSE
2438,TRUE
2443,FALSE
2452,FALSE
2458,FALSE
2476,FALSE
2479,TRUE
2480,TRUE
2486,TRUE
2512,FALSE
2519,FALSE
2533,FALSE
2543,TRUE
2551,FALSE
2647,FALSE
2668,FALSE
2695,FALSE
2779,FALSE
2788,FALSE
2839,FALSE
2851,FALSE
2872,FALSE
2887,FALSE
2888,FALSE
2890,FALSE
2920,FALSE
2923,FALSE
2938,FALSE
2953,FALSE
2970,TRUE
2983,FALSE
2992,FALSE
3013,FALSE
3044,TRUE
3049,FALSE
3062,TRUE
3070,FALSE
3085,FALSE
3090,FALSE
3157,FALSE
3158,TRUE
3178,FALSE
3202,FALSE
3211,FALSE
3223,FALSE
3235,FALSE
3268,FALSE
3271,FALSE
3292,FALSE
3317,FALSE
3334,FALSE
3341,FALSE
3360,FALSE
3373,TRUE
3393,FALSE
3417,FALSE
3420,FALSE
3447,FALSE
3473,TRUE
3482,TRUE
3486,TRUE
3522,FALSE
3529,TRUE
3563,TRUE
3600,FALSE
3603,FALSE
3608,TRUE
3630,FALSE
3645,FALSE
3657,FALSE
3660,FALSE
3664,FALSE
3669,FALSE
3672,FALSE
3695,TRUE
3703,TRUE
3704,TRUE
3708,FALSE
3729,FALSE
3754,FALSE
3789,FALSE
3798,FALSE
3871,TRUE
3891,FALSE
3897,FALSE
3898,FALSE
3964,TRUE
3975,FALSE
3978,FALSE
3981,FALSE
3985,TRUE
3986,TRUE
3996,FALSE
4077,FALSE
4134,TRUE
4164,FALSE
4178,TRUE
4234,TRUE
4242,FALSE
4252,TRUE
4260,FALSE
4277,TRUE
4288,FALSE
4293,FALSE
4299,FALSE
4302,FALSE
4316,TRUE
4338,FALSE
4347,FALSE
4367,TRUE
4377,FALSE
4389,FALSE
4467,FALSE
4482,FALSE
4494,FALSE
4500,FALSE
4508,TRUE
4509,FALSE
4528,TRUE
4551,FALSE
4554,FALSE
4555,FALSE
4562,TRUE
4588,TRUE
4603,FALSE
4656,FALSE
4677,FALSE
4707,FALSE
4726,TRUE
4740,FALSE
4800,FALSE
4811,TRUE
4812,FALSE
4814,TRUE
4818,FALSE
4819,FALSE
4842,FALSE
4845,FALSE
4846,TRUE
4849,TRUE
4857,FALSE
4860,FALSE
4887,FALSE
4896,FALSE
4923,FALSE
4986,FALSE
5005,FALSE
5006,FALSE
5011,FALSE
5013,FALSE
5029,FALSE
5034,FALSE
5036,FALSE
5043,FALSE
5069,FALSE
5074,TRUE
5075,FALSE
5078,FALSE
5081,FALSE
5093,FALSE
5114,FALSE
5156,FALSE
5162,FALSE
5192,FALSE
5193,TRUE
5210,FALSE
5213,FALSE
5225,FALSE
5229,TRUE
5232,TRUE
5244,TRUE
5256,FALSE
5258,FALSE
5270,FALSE
5279,FALSE
5306,FALSE
5318,FALSE
5321,FALSE
5328,TRUE
5330,TRUE
5399,TRUE
5415,TRUE
5423,FALSE
5438,FALSE
5445,FALSE
5451,FALSE
5459,FALSE
5500,FALSE
5510,FALSE
5525,FALSE
5544,TRUE
5557,FALSE
5560,FALSE
5593,FALSE
5598,TRUE
5608,FALSE
5642,TRUE
5677,FALSE
5680,FALSE
5692,FALSE
5726,TRUE
5752,FALSE
5755,FALSE
5786,FALSE
5793,TRUE
5794,FALSE
5811,TRUE
5812,FALSE
5816,TRUE
5824,FALSE
5830,FALSE
5851,FALSE
5859,TRUE
5869,FALSE
5872,FALSE
5878,FALSE
5887,FALSE
5917,FALSE
5920,FALSE
5922,TRUE
5932,FALSE
5935,FALSE
5950,FALSE
5989,FALSE
6047,TRUE